book_title,book_author,book_publisher,book_ISBN,book_img_url,book_category
안젤리크,기욤 뮈소,밝은세상,9788984374546,http://image.yes24.com/goods/116208935/XL,소설/시/희곡
이방인,알베르 까뮈,민음사,9788937443848,http://image.yes24.com/goods/4827613/XL,소설/시/희곡
이방인,알베르 까뮈,현대지성,9791139710311,http://image.yes24.com/goods/117366551/XL,소설/시/희곡
단순한 열정,아니 에르노,문학동네,9788954619585,http://image.yes24.com/goods/7977274/XL,소설/시/희곡
어린 왕자,앙투안 드 생텍쥐페리,열린책들,9788932917245,http://image.yes24.com/goods/22431294/XL,소설/시/희곡
브람스를 좋아하세요...,프랑수아즈 사강,민음사,9788937461798,http://image.yes24.com/momo/TopCate388/MidCate007/6256744.jpg,소설/시/희곡
왜 나는 너를 사랑하는가,알랭 드 보통,청미래,9788986836837,http://image.yes24.com/goods/115275383/XL,소설/시/희곡
페스트,알베르 까뮈,민음사,9788937462672,http://image.yes24.com/goods/4827619/XL,소설/시/희곡
자기 앞의 생,로맹 가리,문학동네,9788982816635,http://image.yes24.com/goods/359901/XL,소설/시/희곡
나무를 심은 사람,장 지오노,두레,9788974431143,http://image.yes24.com/goods/58959070/XL,소설/시/희곡
초판본 어린왕자,앙투안 드 생텍쥐페리,더스토리,9791159039690,http://image.yes24.com/goods/64367118/XL,소설/시/희곡
[예스리커버] 장자크 상페 특별판 세트,장자크 상페,열린책들,9788932922997,http://image.yes24.com/goods/116027026/XL,소설/시/희곡
낭만적 연애와 그 후의 일상,알랭 드 보통,은행나무,9788956608846,http://image.yes24.com/goods/30547371/XL,소설/시/희곡
행성 1,베르나르 베르베르,열린책들,9788932922362,http://image.yes24.com/goods/109553053/XL,소설/시/희곡
행성 2,베르나르 베르베르,열린책들,9788932922379,http://image.yes24.com/goods/109553132/XL,소설/시/희곡
고리오 영감,오노레 드 발자크,민음사,9788937460180,http://image.yes24.com/goods/1272/XL,소설/시/희곡
센 강의 이름 모를 여인,기욤 뮈소,밝은세상,9788984374386,http://image.yes24.com/goods/106189242/XL,소설/시/희곡
아노말리,에르베 르 텔리에,민음사,9788937427220,http://image.yes24.com/goods/109560825/XL,소설/시/희곡
애린 왕자,최현애,이팝,9791197182204,http://image.yes24.com/goods/96174953/XL,소설/시/희곡
어린 왕자,앙투안 드 생텍쥐페리,인디고(글담),9788995772423,http://image.yes24.com/goods/2152057/XL,소설/시/희곡
고양이 1,베르나르 베르베르,열린책들,9788932919126,http://image.yes24.com/goods/60896840/XL,소설/시/희곡
잃어버린 시간을 찾아서 1-6 세트,마르셀 프루스트,민음사,9788937432361,http://image.yes24.com/goods/23893888/XL,소설/시/희곡
집착,아니 에르노,문학동네,9788954685603,http://image.yes24.com/goods/108239190/XL,소설/시/희곡
"당신, 거기 있어줄래요? Seras-tu la?",기욤 뮈소,밝은세상,9788984374409,http://image.yes24.com/goods/106228445/XL,소설/시/희곡
탐닉,아니 에르노,문학동네,9788954685597,http://image.yes24.com/goods/108239175/XL,소설/시/희곡
고양이 2,베르나르 베르베르,열린책들,9788932919133,http://image.yes24.com/goods/60896871/XL,소설/시/희곡
야간비행,앙투안 드 생텍쥐페리,문학동네,9788954651868,http://image.yes24.com/goods/62001724/XL,소설/시/희곡
잃어버린 시간을 찾아서 7~13 세트,마르셀 프루스트,민음사,9788937456107,http://image.yes24.com/goods/115027399/XL,소설/시/희곡
초판본 웃는 남자,빅토르 위고,더스토리,9791159039782,http://image.yes24.com/goods/84934310/XL,소설/시/희곡
레 미제라블 세트,빅토르 위고,민음사,9788937486104,http://image.yes24.com/momo/TopCate372/MidCate005/21381299.jpg,소설/시/희곡
남자의 자리,아니 에르노,1984Books(일구팔사북스),9791190533140,http://image.yes24.com/goods/109580377/XL,소설/시/희곡
부끄러움,아니 에르노,비채,9788934995388,http://image.yes24.com/goods/72264604/XL,소설/시/희곡
한 여자,아니 에르노,열린책들,9788932915708,http://image.yes24.com/goods/7114392/XL,소설/시/희곡
꾸뻬 씨의 행복 여행,프랑수아 를로르,오래된미래,9788995501443,http://image.yes24.com/momo/TopCate423/MidCate003/7817669.jpg,소설/시/희곡
반항하는 인간,알베르 까뮈,민음사,9788937463839,http://image.yes24.com/goods/102350832/XL,소설/시/희곡
세월,아니 에르노,1984Books(일구팔사북스),9791190533126,http://image.yes24.com/goods/109580345/XL,소설/시/희곡
브람스를 좋아하세요...,프랑수아즈 사강,민음사,9788937442322,http://image.yes24.com/goods/104739089/XL,소설/시/희곡
구토,장 폴 사르트르,문예출판사,9788931021516,http://image.yes24.com/goods/96651059/XL,소설/시/희곡
패배의 신호,프랑수아즈 사강,녹색광선,9791196554866,http://image.yes24.com/goods/105751260/XL,소설/시/희곡
문명 1,베르나르 베르베르,열린책들,9788932921037,http://image.yes24.com/goods/101758671/XL,소설/시/희곡
