title,link
아버지의 해방일지,https://www.aladin.co.kr/shop/wproduct.aspx?ItemId=300485187
백은의 언덕 검은 달 1,https://www.aladin.co.kr/shop/wproduct.aspx?ItemId=310336094
백은의 언덕 검은 달 2,https://www.aladin.co.kr/shop/wproduct.aspx?ItemId=310336132
백은의 언덕 검은 달 3,https://www.aladin.co.kr/shop/wproduct.aspx?ItemId=310336145
백은의 언덕 검은 달 4,https://www.aladin.co.kr/shop/wproduct.aspx?ItemId=310336166
희망의 끈,https://www.aladin.co.kr/shop/wproduct.aspx?ItemId=309123340
불편한 편의점 2 (단풍 에디션),https://www.aladin.co.kr/shop/wproduct.aspx?ItemId=303706448
불편한 편의점 (벚꽃 에디션),https://www.aladin.co.kr/shop/wproduct.aspx?ItemId=290457417
이토록 평범한 미래,https://www.aladin.co.kr/shop/wproduct.aspx?ItemId=302118006
"오늘 밤, 세계에서 이 사랑이 사라진다 해도",https://www.aladin.co.kr/shop/wproduct.aspx?ItemId=274077938
구의 증명,https://www.aladin.co.kr/shop/wproduct.aspx?ItemId=55275051
데미안 (오리지널 초판본 표지디자인),https://www.aladin.co.kr/shop/wproduct.aspx?ItemId=98710881
참을 수 없는 존재의 가벼움,https://www.aladin.co.kr/shop/wproduct.aspx?ItemId=152511699
소멸하는 밤,https://www.aladin.co.kr/shop/wproduct.aspx?ItemId=310363071
수레바퀴 아래서 (오리지널 초판본 표지디자인),https://www.aladin.co.kr/shop/wproduct.aspx?ItemId=98708362
사랑의 이해,https://www.aladin.co.kr/shop/wproduct.aspx?ItemId=189631438
작가는 어떻게 읽는가,https://www.aladin.co.kr/shop/wproduct.aspx?ItemId=285827594
방주,https://www.aladin.co.kr/shop/wproduct.aspx?ItemId=310624125
인생의 역사,https://www.aladin.co.kr/shop/wproduct.aspx?ItemId=303286149
"오늘 밤, 세계에서 이 눈물이 사라진다 해도",https://www.aladin.co.kr/shop/wproduct.aspx?ItemId=298375934
별빛 너머의 별,https://www.aladin.co.kr/shop/wproduct.aspx?ItemId=309076513
홈 스위트 홈,https://www.aladin.co.kr/shop/wproduct.aspx?ItemId=310505147
파친코 2,https://www.aladin.co.kr/shop/wproduct.aspx?ItemId=294964187
가재가 노래하는 곳 (리커버 에디션),https://www.aladin.co.kr/shop/wproduct.aspx?ItemId=303831021
쿼런틴,https://www.aladin.co.kr/shop/wproduct.aspx?ItemId=307210299
로렘 입숨의 책,https://www.aladin.co.kr/shop/wproduct.aspx?ItemId=310012864
사랑하는 소년이 얼음 밑에 살아서,https://www.aladin.co.kr/shop/wproduct.aspx?ItemId=309334752
하얼빈,https://www.aladin.co.kr/shop/wproduct.aspx?ItemId=298570092
파친코 1,https://www.aladin.co.kr/shop/wproduct.aspx?ItemId=294963999
스즈메의 문단속,https://www.aladin.co.kr/shop/wproduct.aspx?ItemId=308764211
안젤리크,https://www.aladin.co.kr/shop/wproduct.aspx?ItemId=306367260
러브 몬스터,https://www.aladin.co.kr/shop/wproduct.aspx?ItemId=310106396
모 이야기,https://www.aladin.co.kr/shop/wproduct.aspx?ItemId=309862975
초판본 어린 왕자 (반양장),https://www.aladin.co.kr/shop/wproduct.aspx?ItemId=280504630
싯다르타,https://www.aladin.co.kr/shop/wproduct.aspx?ItemId=329596
인간 실격,https://www.aladin.co.kr/shop/wproduct.aspx?ItemId=491611
세상의 마지막 기차역,https://www.aladin.co.kr/shop/wproduct.aspx?ItemId=294425135
천사를 거부하는 우울한 연인에게,https://www.aladin.co.kr/shop/wproduct.aspx?ItemId=309560581
열린 어둠,https://www.aladin.co.kr/shop/wproduct.aspx?ItemId=307229641
나의 아름다운 날들,https://www.aladin.co.kr/shop/wproduct.aspx?ItemId=310340346
모순,https://www.aladin.co.kr/shop/wproduct.aspx?ItemId=25843736
작별인사,https://www.aladin.co.kr/shop/wproduct.aspx?ItemId=292816855
저는 많이 보고 있어요,https://www.aladin.co.kr/shop/wproduct.aspx?ItemId=310882838
책벌레의 하극상 제5부 : 여신의 화신 3,https://www.aladin.co.kr/shop/wproduct.aspx?ItemId=310417841
데미안,https://www.aladin.co.kr/shop/wproduct.aspx?ItemId=260084
미스테리아 45호,https://www.aladin.co.kr/shop/wproduct.aspx?ItemId=310036780
내게 남은 사랑을 드릴게요,https://www.aladin.co.kr/shop/wproduct.aspx?ItemId=309358593
나는 오래된 거리처럼 너를 사랑하고,https://www.aladin.co.kr/shop/wproduct.aspx?ItemId=300364309
비극,https://www.aladin.co.kr/shop/wproduct.aspx?ItemId=309871605
"칵테일, 러브, 좀비 (리커버)",https://www.aladin.co.kr/shop/wproduct.aspx?ItemId=295437240
